Source_Name_4FGL,GLON_4FGL,GLAT_4FGL,Separation_Parkes
4FGL J0933.8-6232,282.24362,-7.9074183,52.87366994901967
4FGL J1539.4-3323,338.7878,17.532059,60.49167604064753
4FGL J1808.4-3358,358.0455,-6.725435,103.66564465531056
4FGL J2112.5-3043,14.9038725,-42.443546,88.35861330763362
